SpeciesA,SpeciesB,AColonies,BColonies,Afraction,Bfraction,DilutionFactor,Startingfraction,Error
1,2,0,43,0.0,1.0,10,0.9,0.021733762
1,2,0,58,0.0,1.0,100,0.9,0.016391166
1,2,47,0,1.0,0.0,1000,0.9,0.019995835
1,2,34,0,1.0,0.0,10000,0.9,0.027016598
1,2,24,0,1.0,0.0,100000,0.9,0.037009633
1,2,7,0,1.0,0.0,1000000,0.9,0.099380799
1,2,0,31,0.0,1.0,10,0.1,0.029398258
1,2,2,41,0.046511628,0.953488372,100,0.1,0.036778486
1,2,21,55,0.276315789,0.723684211,1000,0.1,0.05062875
1,2,48,10,0.827586207,0.172413793,10000,0.1,0.049542534
1,2,31,0,1.0,0.0,100000,0.1,0.029398258
1,2,15,0,1.0,0.0,1000000,0.1,0.055459355
1,2,0,139,0.0,1.0,10,0.1,0.0070421
1,2,0,84,0.0,1.0,10,0.9,0.011493
1,2,3,61,0.046875,0.95312,100,0.1,0.02915
1,2,1,131,0.0075758,0.99242,100,0.9,0.010436
1,2,11,44,0.2,0.8,1000,0.1,0.053531
1,2,44,0,1.0,0.0,1000,0.9,0.021272
1,2,28,60,0.31818,0.68182,10000,0.1,0.048989
1,2,38,0,1.0,0.0,10000,0.9,0.024383
1,2,22,2,0.91667,0.083333,100000,0.1,0.061485
1,2,26,0,1.0,0.0,100000,0.9,0.034461
1,2,7,0,1.0,0.0,1000000,0.1,0.099381
1,2,4,0,1.0,0.0,1000000,0.9,0.14086
1,2,0,130,0.0,1.0,10,0.9,0.007518581
1,2,1,114,0.008695652,0.991304348,10,0.5,0.011932654
1,2,0,92,0.0,1.0,10,0.1,0.01052572
1,2,9,3,0.75,0.25,100,0.9,0.116642369
1,2,0,47,0.0,1.0,100,0.5,0.019995835
1,2,25,27,0.480769231,0.519230769,100,0.1,0.067373729
1,2,12,40,0.230769231,0.769230769,1000,0.9,0.057648565
1,2,1,38,0.025641026,0.974358974,1000,0.5,0.0332383
1,2,1,50,0.019607843,0.980392157,1000,0.1,0.025931482
1,2,43,0,1.0,0.0,10000,0.9,0.021733762
1,2,16,29,0.355555556,0.644444444,10000,0.5,0.069353217
1,2,2,77,0.025316456,0.974683544,10000,0.1,0.020855278
1,2,14,0,1.0,0.0,100000,0.9,0.058708527
1,2,31,0,1.0,0.0,100000,0.5,0.029398258
1,2,34,0,1.0,0.0,100000,0.1,0.027016598
1,2,19,0,1.0,0.0,300000,0.9,0.04540298
1,2,14,0,1.0,0.0,300000,0.5,0.058708527
1,2,21,0,1.0,0.0,300000,0.1,0.041627266
1,3,52,27,0.65823,0.34177,10,0.1,0.05252
1,3,46,60,0.43396,0.56604,10,0.9,0.047487
1,3,43,46,0.48315,0.51685,100,0.1,0.0521
1,3,44,38,0.53659,0.46341,100,0.9,0.054094
1,3,44,33,0.57143,0.42857,1000,0.1,0.055357
1,3,41,22,0.65079,0.34921,1000,0.9,0.058858
1,3,37,36,0.50685,0.49315,10000,0.1,0.057349
1,3,25,27,0.48077,0.51923,10000,0.9,0.067374
1,3,25,26,0.4902,0.5098,100000,0.1,0.068029
1,3,24,3,0.88889,0.11111,100000,0.9,0.062957
1,3,4,0,1.0,0.0,1000000,0.1,0.14086
1,3,5,0,1.0,0.0,1000000,0.9,0.12372
1,3,28,22,0.56,0.44,10,0.9,0.068221559
1,3,37,30,0.552238806,0.447761194,10,0.5,0.059453104
1,3,60,28,0.681818182,0.318181818,10,0.1,0.048989241
1,3,22,16,0.578947368,0.421052632,100,0.9,0.077203406
1,3,22,19,0.536585366,0.463414634,100,0.5,0.075194162
1,3,19,29,0.395833333,0.604166667,100,0.1,0.068599434
1,3,11,24,0.314285714,0.685714286,1000,0.9,0.07593939
1,3,20,10,0.666666667,0.333333333,1000,0.5,0.082679728
1,3,21,14,0.6,0.4,1000,0.1,0.079645904
1,3,45,21,0.681818182,0.318181818,10000,0.9,0.056319242
1,3,44,29,0.602739726,0.397260274,10000,0.5,0.056195149
1,3,48,22,0.685714286,0.314285714,10000,0.1,0.054571769
1,3,33,0,1.0,0.0,100000,0.9,0.027766438
1,3,22,1,0.956521739,0.043478261,100000,0.5,0.053204974
1,3,19,0,1.0,0.0,100000,0.1,0.04540298
1,3,16,0,1.0,0.0,300000,0.9,0.052550295
1,3,21,0,1.0,0.0,300000,0.5,0.041627266
1,3,13,0,1.0,0.0,300000,0.1,0.062360956
1,3,5,4,0.555555556,0.444444444,10,0.9,0.143739894
1,3,11,19,0.366666667,0.633333333,10,0.6,0.084274983
1,3,11,13,0.458333333,0.541666667,10,0.4,0.095939933
1,3,10,14,0.416666667,0.583333333,10,0.1,0.095079468
1,3,8,8,0.5,0.5,100,0.9,0.114707867
1,3,14,14,0.5,0.5,100,0.6,0.089802651
1,3,13,11,0.541666667,0.458333333,100,0.4,0.095939933
1,3,15,15,0.5,0.5,100,0.1,0.087038828
1,3,6,6,0.5,0.5,1000,0.9,0.129099445
1,3,4,7,0.363636364,0.636363636,1000,0.6,0.130023731
1,3,4,5,0.444444444,0.555555556,1000,0.4,0.143739894
1,3,6,3,0.666666667,0.333333333,1000,0.1,0.13886593
1,3,11,3,0.785714286,0.214285714,10000,0.9,0.105021006
1,3,20,11,0.64516129,0.35483871,10000,0.6,0.082498656
1,3,8,14,0.363636364,0.636363636,10000,0.4,0.096824584
1,3,15,14,0.517241379,0.482758621,10000,0.1,0.088342348
1,3,8,4,0.666666667,0.333333333,100000,0.9,0.123717915
1,3,10,0,1.0,0.0,100000,0.6,0.076655518
1,3,14,0,1.0,0.0,100000,0.4,0.058708527
1,3,14,0,1.0,0.0,100000,0.1,0.058708527
1,3,3,0,1.0,0.0,1000000,0.9,0.163299316
1,3,3,0,1.0,0.0,1000000,0.6,0.163299316
1,3,6,0,1.0,0.0,1000000,0.4,0.110239638
1,3,3,0,1.0,0.0,1000000,0.1,0.163299316
1,4,43,39,0.52439,0.47561,10,0.1,0.054171
1,4,40,44,0.47619,0.52381,10,0.9,0.053548
1,4,35,38,0.47945,0.52055,100,0.1,0.057308
1,4,28,40,0.41176,0.58824,100,0.9,0.058461
1,4,24,40,0.375,0.625,1000,0.1,0.059263
1,4,28,32,0.46667,0.53333,1000,0.9,0.062863
1,4,24,32,0.42857,0.57143,10000,0.1,0.064472
1,4,30,0,1.0,0.0,10000,0.9,0.030288
1,4,23,9,0.71875,0.28125,100000,0.1,0.077018
1,4,2,0,1.0,0.0,100000,0.9,0.19365
1,4,19,4,0.82609,0.17391,1000000,0.1,0.078446
1,4,3,0,1.0,0.0,1000000,0.9,0.1633
1,4,22,12,0.647058824,0.352941176,10,0.9,0.078964562
1,4,8,23,0.258064516,0.741935484,10,0.5,0.076378914
1,4,26,23,0.530612245,0.469387755,10,0.1,0.069217459
1,4,23,31,0.425925926,0.574074074,100,0.9,0.065547353
1,4,13,14,0.481481481,0.518518519,100,0.5,0.091232804
1,4,19,9,0.678571429,0.321428571,100,0.1,0.084666751
1,4,12,5,0.705882353,0.294117647,1000,0.9,0.10393904
1,4,5,5,0.5,0.5,1000,0.5,0.138675049
1,4,7,6,0.538461538,0.461538462,1000,0.1,0.124721913
1,4,37,1,0.973684211,0.026315789,10000,0.9,0.034037282
1,4,36,0,1.0,0.0,10000,0.5,0.025632146
1,4,19,14,0.575757576,0.424242424,10000,0.1,0.08247861
1,4,26,1,0.962962963,0.037037037,100000,0.9,0.046263475
1,4,20,3,0.869565217,0.130434783,100000,0.5,0.071897363
1,4,26,3,0.896551724,0.103448276,100000,0.1,0.059261849
1,4,23,0,1.0,0.0,300000,0.9,0.038430757
1,4,16,7,0.695652174,0.304347826,300000,0.5,0.0914835
1,4,20,0,1.0,0.0,300000,0.1,0.043433322
1,4,10,6,0.625,0.375,10,0.9,0.111839716
1,4,4,10,0.285714286,0.714285714,10,0.6,0.112418271
1,4,16,20,0.444444444,0.555555556,10,0.4,0.079619273
1,4,8,13,0.380952381,0.619047619,10,0.1,0.099621211
1,4,0,7,0.0,1.0,100,0.9,0.099380799
1,4,5,2,0.714285714,0.285714286,100,0.6,0.149071198
1,4,16,9,0.64,0.36,100,0.4,0.091260256
1,4,6,10,0.375,0.625,100,0.1,0.111839716
1,4,21,11,0.65625,0.34375,1000,0.9,0.080777243
1,4,19,14,0.575757576,0.424242424,1000,0.6,0.08247861
1,4,13,23,0.361111111,0.638888889,1000,0.4,0.077242041
1,4,19,11,0.633333333,0.366666667,1000,0.1,0.084274983
1,4,15,0,1.0,0.0,10000,0.9,0.055459355
1,4,10,13,0.434782609,0.565217391,10000,0.6,0.097349489
1,4,12,8,0.6,0.4,10000,0.4,0.102519465
1,4,11,19,0.366666667,0.633333333,10000,0.1,0.084274983
1,4,7,0,1.0,0.0,100000,0.9,0.099380799
1,4,9,0,1.0,0.0,100000,0.6,0.082988266
1,4,8,2,0.8,0.2,100000,0.4,0.120096115
1,4,13,0,1.0,0.0,100000,0.1,0.062360956
1,4,38,3,0.926829268,0.073170732,1000000,0.9,0.04378925
1,4,33,2,0.942857143,0.057142857,1000000,0.6,0.044279893
1,4,16,10,0.615384615,0.384615385,1000000,0.4,0.090690913
1,4,25,14,0.641025641,0.358974359,1000000,0.1,0.074323098
1,5,1,47,0.020833333,0.979166667,10,0.9,0.027439774
1,5,51,66,0.435897436,0.564102564,100,0.9,0.045279486
1,5,56,11,0.835820896,0.164179104,1000,0.9,0.045303311
1,5,54,0,1.0,0.0,10000,0.9,0.017541062
1,5,28,0,1.0,0.0,100000,0.9,0.032240138
1,5,7,0,1.0,0.0,1000000,0.9,0.099380799
1,5,0,86,0.0,1.0,10,0.1,0.01123523
1,5,32,66,0.326530612,0.673469388,100,0.1,0.046787914
1,5,48,30,0.615384615,0.384615385,1000,0.1,0.054131042
1,5,39,0,1.0,0.0,10000,0.1,0.023802441
1,5,14,0,1.0,0.0,100000,0.1,0.058708527
1,5,10,0,1.0,0.0,1000000,0.1,0.076655518
1,5,0,58,0.0,1.0,10,0.1,0.016391
1,5,6,75,0.074074,0.92593,10,0.9,0.030321
1,5,39,68,0.36449,0.63551,100,0.1,0.045955
1,5,46,61,0.42991,0.57009,100,0.9,0.04722
1,5,32,7,0.82051,0.17949,1000,0.1,0.06115
1,5,43,2,0.95556,0.044444,1000,0.9,0.035283
1,5,41,0,1.0,0.0,10000,0.1,0.022721
1,5,26,0,1.0,0.0,10000,0.9,0.034461
1,5,23,0,1.0,0.0,100000,0.1,0.038431
1,5,15,0,1.0,0.0,100000,0.9,0.055459
1,5,1,0,1.0,0.0,1000000,0.1,0.2357
1,5,3,0,1.0,0.0,1000000,0.9,0.1633
1,5,0,42,0.0,1.0,10,0.9,0.022216482
1,5,1,32,0.03030303,0.96969697,10,0.75,0.038685897
1,5,0,33,0.0,1.0,10,0.5,0.027766438
1,5,0,45,0.0,1.0,10,0.25,0.020828617
1,5,2,31,0.060606061,0.939393939,10,0.1,0.046656947
1,5,11,18,0.379310345,0.620689655,100,0.9,0.08610547
1,5,11,22,0.333333333,0.666666667,100,0.75,0.079110703
1,5,17,18,0.485714286,0.514285714,100,0.5,0.081081081
1,5,5,23,0.178571429,0.821428571,100,0.25,0.071842121
1,5,2,21,0.086956522,0.913043478,100,0.1,0.063730201
1,5,98,4,0.960784314,0.039215686,1000,0.9,0.020877313
1,5,57,3,0.95,0.05,1000,0.75,0.030951523
1,5,91,14,0.866666667,0.133333333,1000,0.5,0.033407493
1,5,47,31,0.602564103,0.397435897,1000,0.25,0.054433105
1,5,55,16,0.774647887,0.225352113,1000,0.1,0.049133732
1,5,37,0,1.0,0.0,10000,0.9,0.02499178
1,5,32,0,1.0,0.0,10000,0.75,0.028559068
1,5,33,0,1.0,0.0,10000,0.5,0.027766438
1,5,25,0,1.0,0.0,10000,0.25,0.035689782
1,5,41,0,1.0,0.0,10000,0.1,0.022721126
1,5,22,0,1.0,0.0,100000,0.9,0.039965263
1,5,31,0,1.0,0.0,100000,0.75,0.029398258
1,5,19,0,1.0,0.0,100000,0.5,0.04540298
1,5,25,0,1.0,0.0,100000,0.25,0.035689782
1,5,25,0,1.0,0.0,100000,0.1,0.035689782
1,5,19,0,1.0,0.0,300000,0.9,0.04540298
1,5,25,0,1.0,0.0,300000,0.75,0.035689782
1,5,18,0,1.0,0.0,300000,0.5,0.047559487
1,5,10,0,1.0,0.0,300000,0.25,0.076655518
1,5,19,0,1.0,0.0,300000,0.1,0.04540298
1,5,0,25,0.0,1.0,10,0.9,0.035689782
1,5,1,17,0.055555556,0.944444444,10,0.1,0.065465367
1,5,2,22,0.083333333,0.916666667,100,0.9,0.06148502
1,5,2,13,0.133333333,0.866666667,100,0.1,0.089854425
1,5,24,5,0.827586207,0.172413793,1000,0.9,0.069840758
1,5,14,18,0.4375,0.5625,1000,0.1,0.083928506
1,5,12,0,1.0,0.0,10000,0.9,0.066496381
1,5,21,0,1.0,0.0,10000,0.1,0.041627266
1,5,16,0,1.0,0.0,100000,0.9,0.052550295
1,5,15,0,1.0,0.0,100000,0.1,0.055459355
1,5,8,0,1.0,0.0,1000000,0.9,0.090453403
1,5,1,0,1.0,0.0,1000000,0.1,0.23570226
3,2,0,162,0.0,1.0,10,0.9,0.0060605
3,2,0,82,0.0,1.0,10,0.1,0.011764
3,2,0,75,0.0,1.0,100,0.9,0.012819
3,2,1,100,0.009901,0.9901,100,0.1,0.013531
3,2,0,32,0.0,1.0,1000,0.9,0.028559
3,2,0,30,0.0,1.0,1000,0.1,0.030288
3,2,15,16,0.48387,0.51613,10000,0.9,0.08571
3,2,27,29,0.48214,0.51786,10000,0.1,0.065056
3,2,23,24,0.48936,0.51064,100000,0.9,0.070696
3,2,24,6,0.8,0.2,100000,0.1,0.071963
3,2,4,0,1.0,0.0,1000000,0.9,0.14086
3,2,6,0,1.0,0.0,1000000,0.1,0.11024
3,2,0,56,0.0,1.0,10,0.9,0.016946633
3,2,0,60,0.0,1.0,10,0.75,0.015870951
3,2,0,50,0.0,1.0,10,0.5,0.018864435
3,2,0,55,0.0,1.0,10,0.25,0.017238726
3,2,0,44,0.0,1.0,10,0.1,0.021271568
3,2,0,60,0.0,1.0,100,0.9,0.015870951
3,2,0,32,0.0,1.0,100,0.75,0.028559068
3,2,0,34,0.0,1.0,100,0.5,0.027016598
3,2,0,36,0.0,1.0,100,0.25,0.025632146
3,2,0,43,0.0,1.0,100,0.1,0.021733762
3,2,0,53,0.0,1.0,1000,0.9,0.017854191
3,2,1,45,0.02173913,0.97826087,1000,0.75,0.028546616
3,2,0,52,0.0,1.0,1000,0.5,0.0181787
3,2,0,35,0.0,1.0,1000,0.25,0.026306176
3,2,0,48,0.0,1.0,1000,0.1,0.019603921
3,2,7,24,0.225806452,0.774193548,10000,0.9,0.073495644
3,2,4,39,0.093023256,0.906976744,10000,0.75,0.046336536
3,2,5,28,0.151515152,0.848484848,10000,0.5,0.062813838
3,2,6,34,0.15,0.85,10000,0.25,0.056832862
3,2,22,45,0.328358209,0.671641791,10000,0.1,0.056343617
3,2,22,0,1.0,0.0,100000,0.9,0.039965263
3,2,65,5,0.928571429,0.071428571,100000,0.75,0.032348464
3,2,43,1,0.977272727,0.022727273,100000,0.5,0.029746411
3,2,94,5,0.949494949,0.050505051,100000,0.25,0.023405395
3,2,15,16,0.483870968,0.516129032,100000,0.1,0.085709913
3,2,43,0,1.0,0.0,300000,0.9,0.021733762
3,2,39,0,1.0,0.0,300000,0.75,0.023802441
3,2,41,1,0.976190476,0.023809524,300000,0.5,0.031051366
3,2,20,0,1.0,0.0,300000,0.25,0.043433322
3,2,36,0,1.0,0.0,300000,0.1,0.025632146
3,2,0,30,0.0,1.0,10,0.335,0.03028823
3,2,0,30,0.0,1.0,100,0.335,0.03028823
3,2,0,40,0.0,1.0,1000,0.335,0.023249221
3,2,3,33,0.083333333,0.916666667,10000,0.335,0.049142082
3,2,8,8,0.5,0.5,100000,0.335,0.114707867
3,2,26,0,1.0,0.0,1000000,0.335,0.03446076
4,2,0,45,0.0,1.0,10,0.9,0.020828617
4,2,0,69,0.0,1.0,100,0.9,0.013887511
4,2,50,7,0.877192982,0.122807018,1000,0.9,0.044197982
4,2,43,45,0.488636364,0.511363636,10000,0.9,0.052401298
4,2,8,3,0.727272727,0.272727273,100000,0.9,0.123351342
4,2,15,0,1.0,0.0,1000000,0.9,0.055459355
4,2,0,50,0.0,1.0,10,0.1,0.018864435
4,2,22,2,0.916666667,0.083333333,100,0.1,0.06148502
4,2,73,39,0.651785714,0.348214286,1000,0.1,0.044503286
4,2,50,0,1.0,0.0,10000,0.1,0.018864435
4,2,43,0,1.0,0.0,100000,0.1,0.021733762
4,2,14,0,1.0,0.0,1000000,0.1,0.058708527
4,2,0,63,0.0,1.0,10,0.9,0.01515
4,2,0,65,0.0,1.0,10,0.1,0.014704
4,2,4,18,0.18182,0.81818,100,0.9,0.081223
4,2,0,69,0.0,1.0,100,0.1,0.013888
4,2,20,13,0.60606,0.39394,1000,0.9,0.08165
4,2,11,29,0.275,0.725,1000,0.1,0.068892
4,2,9,0,1.0,0.0,10000,0.9,0.082988
4,2,5,7,0.41667,0.58333,10000,0.1,0.12778
4,2,4,0,1.0,0.0,100000,0.9,0.14086
4,2,8,0,1.0,0.0,100000,0.1,0.090453
4,2,4,0,1.0,0.0,1000000,0.9,0.14086
4,2,5,0,1.0,0.0,1000000,0.1,0.12372
4,2,0,60,0.0,1.0,10,0.9,0.015870951
4,2,0,67,0.0,1.0,10,0.75,0.014284214
4,2,0,46,0.0,1.0,10,0.5,0.020403734
4,2,0,52,0.0,1.0,10,0.25,0.0181787
4,2,0,44,0.0,1.0,10,0.1,0.021271568
4,2,12,26,0.315789474,0.684210526,100,0.9,0.073147862
4,2,1,20,0.047619048,0.952380952,100,0.75,0.057516333
4,2,17,30,0.361702128,0.638297872,100,0.5,0.068176706
4,2,0,47,0.0,1.0,100,0.25,0.019995835
4,2,0,62,0.0,1.0,100,0.1,0.015382737
4,2,3,11,0.214285714,0.785714286,1000,0.9,0.105021006
4,2,6,9,0.4,0.6,1000,0.75,0.116001564
4,2,8,27,0.228571429,0.771428571,1000,0.5,0.069599601
4,2,9,17,0.346153846,0.653846154,1000,0.25,0.0889773
4,2,0,44,0.0,1.0,1000,0.1,0.021271568
4,2,60,4,0.9375,0.0625,10000,0.9,0.032327237
4,2,43,33,0.565789474,0.434210526,10000,0.75,0.055790165
4,2,28,23,0.549019608,0.450980392,10000,0.5,0.067737922
4,2,8,41,0.163265306,0.836734694,10000,0.25,0.052865708
4,2,14,25,0.358974359,0.641025641,10000,0.1,0.074323098
4,2,25,0,1.0,0.0,100000,0.9,0.035689782
4,2,12,0,1.0,0.0,100000,0.75,0.066496381
4,2,12,0,1.0,0.0,100000,0.5,0.066496381
4,2,11,0,1.0,0.0,100000,0.25,0.071216931
4,2,12,1,0.923076923,0.076923077,100000,0.1,0.084983659
4,2,9,0,1.0,0.0,300000,0.9,0.082988266
4,2,3,0,1.0,0.0,300000,0.75,0.163299316
4,2,17,0,1.0,0.0,300000,0.5,0.0499307
4,2,12,0,1.0,0.0,300000,0.25,0.066496381
4,2,16,0,1.0,0.0,300000,0.1,0.052550295
4,2,0,55,0.0,1.0,10,0.925,0.017238726
4,2,0,30,0.0,1.0,100,0.925,0.03028823
4,2,7,14,0.333333333,0.666666667,1000,0.925,0.097220347
4,2,25,9,0.735294118,0.264705882,10000,0.925,0.073634834
4,2,42,2,0.954545455,0.045454545,100000,0.925,0.036015388
4,2,35,0,1.0,0.0,1000000,0.925,0.026306176
4,2,0,80,0.0,1.0,10,0.133,0.012047297
4,2,0,31,0.0,1.0,100,0.133,0.029398258
4,2,0,15,0.0,1.0,1000,0.133,0.055459355
4,2,9,39,0.1875,0.8125,10000,0.133,0.056011203
4,2,31,2,0.939393939,0.060606061,100000,0.133,0.046656947
4,2,30,0,1.0,0.0,1000000,0.133,0.03028823
2,5,0,56,0.0,1.0,10,0.9,0.016946633
2,5,45,44,0.505617978,0.494382022,100,0.9,0.052125456
2,5,49,7,0.875,0.125,1000,0.9,0.044892728
2,5,51,0,1.0,0.0,10000,0.9,0.018515222
2,5,29,0,1.0,0.0,100000,0.9,0.031233737
2,5,0,60,0.0,1.0,10,0.1,0.015870951
2,5,0,49,0.0,1.0,100,0.1,0.019227072
2,5,76,11,0.873563218,0.126436782,1000,0.1,0.036001842
2,5,38,0,1.0,0.0,10000,0.1,0.024382621
2,5,15,0,1.0,0.0,100000,0.1,0.055459355
2,5,0,117,0.0,1.0,10,0.1,0.008333
2,5,0,97,0.0,1.0,10,0.9,0.0099995
2,5,0,81,0.0,1.0,100,0.1,0.011904
2,5,136,57,0.70466,0.29534,100,0.9,0.032652
2,5,53,12,0.81538,0.18462,1000,0.1,0.047956
2,5,66,0,1.0,0.0,1000,0.9,0.014491
2,5,22,2,0.91667,0.083333,10000,0.1,0.061485
2,5,35,0,1.0,0.0,10000,0.9,0.026306
2,5,16,0,1.0,0.0,100000,0.1,0.05255
2,5,29,0,1.0,0.0,100000,0.9,0.031234
4,3,24,34,0.41379,0.58621,10,0.9,0.063123
4,3,12,117,0.093023,0.90698,10,0.1,0.026023
4,3,16,36,0.30769,0.69231,100,0.9,0.062625
4,3,14,53,0.20896,0.79104,100,0.1,0.0493
4,3,60,29,0.67416,0.32584,1000,0.9,0.049011
4,3,56,19,0.74667,0.25333,1000,0.1,0.049649
4,3,50,22,0.69444,0.30556,10000,0.9,0.053442
4,3,31,19,0.62,0.38,10000,0.1,0.066826
4,3,62,0,1.0,0.0,100000,0.9,0.015383
4,3,39,2,0.95122,0.04878,100000,0.1,0.038406
4,3,27,0,1.0,0.0,1000000,0.9,0.033314
4,3,15,0,1.0,0.0,1000000,0.1,0.055459
4,3,21,42,0.333333333,0.666666667,10,0.9,0.058245214
4,3,14,50,0.21875,0.78125,10,0.5,0.051197574
4,3,9,19,0.321428571,0.678571429,10,0.1,0.084666751
4,3,16,15,0.516129032,0.483870968,100,0.9,0.085709913
4,3,24,8,0.75,0.25,100,0.5,0.074572434
4,3,14,23,0.378378378,0.621621622,100,0.1,0.076923077
4,3,10,15,0.4,0.6,1000,0.9,0.092856766
4,3,21,16,0.567567568,0.432432432,1000,0.5,0.078404538
4,3,7,17,0.291666667,0.708333333,1000,0.1,0.088823118
4,3,44,8,0.846153846,0.153846154,10000,0.9,0.050251891
4,3,21,12,0.636363636,0.363636364,10000,0.5,0.080531117
4,3,46,8,0.851851852,0.148148148,10000,0.1,0.04864573
4,3,16,0,1.0,0.0,100000,0.9,0.052550295
4,3,18,0,1.0,0.0,100000,0.5,0.047559487
4,3,17,0,1.0,0.0,100000,0.1,0.0499307
4,3,10,0,1.0,0.0,300000,0.9,0.076655518
4,3,34,0,1.0,0.0,300000,0.5,0.027016598
4,3,12,0,1.0,0.0,300000,0.1,0.066496381
4,3,5,17,0.227272727,0.772727273,10,0.9,0.08660254
4,3,4,28,0.125,0.875,10,0.6,0.059864735
4,3,2,19,0.095238095,0.904761905,10,0.4,0.068745167
4,3,1,28,0.034482759,0.965517241,10,0.1,0.043428748
4,3,6,13,0.315789474,0.684210526,100,0.9,0.100503782
4,3,2,3,0.4,0.6,100,0.6,0.174963553
4,3,23,11,0.676470588,0.323529412,100,0.4,0.077498426
4,3,4,4,0.5,0.5,100,0.1,0.150755672
4,3,22,6,0.785714286,0.214285714,1000,0.9,0.075964527
4,3,19,42,0.31147541,0.68852459,1000,0.6,0.058186025
4,3,29,13,0.69047619,0.30952381,1000,0.4,0.069432965
4,3,28,24,0.538461538,0.461538462,1000,0.1,0.067234766
4,3,29,32,0.475409836,0.524590164,10000,0.9,0.062429098
4,3,28,14,0.666666667,0.333333333,10000,0.6,0.070661963
4,3,26,3,0.896551724,0.103448276,10000,0.4,0.059261849
4,3,35,8,0.813953488,0.186046512,10000,0.1,0.058976782
4,3,13,0,1.0,0.0,100000,0.9,0.062360956
4,3,19,4,0.826086957,0.173913043,100000,0.6,0.078446454
4,3,23,1,0.958333333,0.041666667,100000,0.4,0.051282051
4,3,8,4,0.666666667,0.333333333,100000,0.1,0.123717915
4,3,4,0,1.0,0.0,1000000,0.9,0.140859042
4,3,6,0,1.0,0.0,1000000,0.6,0.110239638
4,3,5,0,1.0,0.0,1000000,0.4,0.123717915
4,3,14,0,1.0,0.0,1000000,0.1,0.058708527
4,3,5,66,0.070422535,0.929577465,10,0.732,0.031928191
4,3,19,19,0.5,0.5,100,0.732,0.078086881
4,3,38,7,0.844444444,0.155555556,1000,0.732,0.054244888
4,3,12,58,0.171428571,0.828571429,10000,0.732,0.04501982
4,3,20,0,1.0,0.0,100000,0.732,0.043433322
4,3,17,0,1.0,0.0,1000000,0.732,0.0499307
3,5,0,81,0.0,1.0,10,0.1,0.011904
3,5,0,79,0.0,1.0,10,0.9,0.012194
3,5,0,59,0.0,1.0,100,0.1,0.016127
3,5,0,66,0.0,1.0,100,0.9,0.014491
3,5,0,39,0.0,1.0,1000,0.1,0.023802
3,5,77,1,0.98718,0.012821,1000,0.9,0.017347
3,5,0,30,0.0,1.0,10000,0.1,0.030288
3,5,40,0,1.0,0.0,10000,0.9,0.023249
3,5,21,0,1.0,0.0,100000,0.1,0.041627
3,5,8,0,1.0,0.0,100000,0.9,0.090453
3,5,1,0,1.0,0.0,1000000,0.1,0.2357
3,5,4,0,1.0,0.0,1000000,0.9,0.14086
3,5,0,29,0.0,1.0,10,0.94,0.031233737
3,5,0,37,0.0,1.0,10,0.84,0.02499178
3,5,0,32,0.0,1.0,10,0.68,0.028559068
3,5,0,46,0.0,1.0,10,0.42,0.020403734
3,5,89,18,0.831775701,0.168224299,100,0.94,0.036172224
3,5,0,20,0.0,1.0,100,0.84,0.043433322
3,5,0,20,0.0,1.0,100,0.68,0.043433322
3,5,0,24,0.0,1.0,100,0.42,0.037009633
3,5,55,0,1.0,0.0,1000,0.94,0.017238726
3,5,0,19,0.0,1.0,1000,0.84,0.04540298
3,5,0,17,0.0,1.0,1000,0.68,0.0499307
3,5,0,19,0.0,1.0,1000,0.42,0.04540298
3,5,38,0,1.0,0.0,10000,0.94,0.024382621
3,5,16,0,1.0,0.0,10000,0.84,0.052550295
3,5,42,0,1.0,0.0,10000,0.68,0.022216482
3,5,10,0,1.0,0.0,10000,0.42,0.076655518
3,5,7,0,1.0,0.0,100000,0.94,0.099380799
3,5,13,0,1.0,0.0,100000,0.84,0.062360956
3,5,9,0,1.0,0.0,100000,0.68,0.082988266
3,5,9,0,1.0,0.0,100000,0.42,0.082988266
3,5,3,0,1.0,0.0,1000000,0.84,0.163299316
3,5,0,30,0.0,1.0,10,0.9,0.03028823
3,5,32,6,0.842105263,0.157894737,100,0.9,0.059340892
3,5,119,1,0.991666667,0.008333333,1000,0.9,0.011449677
3,5,55,0,1.0,0.0,10000,0.9,0.017238726
3,5,28,0,1.0,0.0,100000,0.9,0.032240138
3,5,22,0,1.0,0.0,1000000,0.9,0.039965263
3,5,0,56,0.0,1.0,10,0.1,0.016946633
3,5,0,52,0.0,1.0,100,0.1,0.0181787
3,5,0,34,0.0,1.0,1000,0.1,0.027016598
3,5,106,3,0.972477064,0.027522936,10000,0.1,0.017611238
3,5,20,0,1.0,0.0,100000,0.1,0.043433322
3,5,34,0,1.0,0.0,1000000,0.1,0.027016598
4,5,0,74,0.0,1.0,10,0.1,0.012986
4,5,0,77,0.0,1.0,10,0.9,0.012499
4,5,0,65,0.0,1.0,100,0.1,0.014704
4,5,2,89,0.021978,0.97802,100,0.9,0.018224
4,5,0,41,0.0,1.0,1000,0.1,0.022721
4,5,53,1,0.98148,0.018519,1000,0.9,0.02458
4,5,4,46,0.08,0.92,10000,0.1,0.040494
4,5,24,0,1.0,0.0,10000,0.9,0.03701
4,5,36,0,1.0,0.0,100000,0.1,0.025632
4,5,63,0,1.0,0.0,100000,0.9,0.01515
4,5,29,0,1.0,0.0,1000000,0.1,0.031234
4,5,27,0,1.0,0.0,1000000,0.9,0.033314
4,5,0,55,0.0,1.0,10,0.9,0.017238726
4,5,0,47,0.0,1.0,100,0.9,0.019995835
4,5,50,2,0.961538462,0.038461538,1000,0.9,0.030886636
4,5,40,0,1.0,0.0,10000,0.9,0.023249221
4,5,30,0,1.0,0.0,100000,0.9,0.03028823
4,5,18,0,1.0,0.0,1000000,0.9,0.047559487
4,5,0,50,0.0,1.0,10,0.1,0.018864435
4,5,0,43,0.0,1.0,100,0.1,0.021733762
4,5,0,77,0.0,1.0,1000,0.1,0.012498999
4,5,2,61,0.031746032,0.968253968,10000,0.1,0.025826833
4,5,22,0,1.0,0.0,100000,0.1,0.039965263
4,5,33,0,1.0,0.0,1000000,0.1,0.027766438
4,5,0,27,0.0,1.0,10,0.9,0.03331351
4,5,0,28,0.0,1.0,10,0.6,0.032240138
4,5,0,35,0.0,1.0,10,0.4,0.026306176
4,5,0,30,0.0,1.0,10,0.1,0.03028823
4,5,10,0,1.0,0.0,100,0.9,0.076655518
4,5,12,0,1.0,0.0,100,0.6,0.066496381
4,5,17,0,1.0,0.0,100,0.4,0.0499307
4,5,0,30,0.0,1.0,100,0.1,0.03028823
4,5,12,0,1.0,0.0,1000,0.9,0.066496381
4,5,17,0,1.0,0.0,1000,0.6,0.0499307
4,5,22,0,1.0,0.0,1000,0.4,0.039965263
4,5,0,13,0.0,1.0,1000,0.1,0.062360956
4,5,10,0,1.0,0.0,10000,0.9,0.076655518
4,5,8,0,1.0,0.0,10000,0.6,0.090453403
4,5,14,0,1.0,0.0,10000,0.4,0.058708527
4,5,10,0,1.0,0.0,10000,0.1,0.076655518
4,5,4,0,1.0,0.0,100000,0.9,0.140859042
4,5,2,0,1.0,0.0,100000,0.6,0.193649167
4,5,6,0,1.0,0.0,100000,0.4,0.110239638
4,5,4,0,1.0,0.0,100000,0.1,0.140859042
4,5,5,0,1.0,0.0,1000000,0.9,0.123717915
4,5,5,0,1.0,0.0,1000000,0.6,0.123717915
4,5,2,0,1.0,0.0,1000000,0.4,0.193649167
4,5,6,0,1.0,0.0,1000000,0.1,0.110239638
